latitude,longitude
36.74297,126.583464
36.408825,126.853895
34.690083,135.195511
34.685381,135.124958
34.668723,135.145654
34.849541,136.542796
40.822072,140.747365
35.09013613,129.0639496
36.734375,138.430345
35.744238,140.343082
25.612098,91.897713
35.19398117,129.2207336
34.686033,135.124227
37.563759,126.945969
36.288286,126.856577
35.001775,135.76908
35.62546111,139.7207889
35.62546111,139.7207889
25.24982778,107.6952444
37.73611052,127.0526837
36.191992,127.340041
35.082395,137.156249
34.969812,135.78136
34.966137,135.780909
35.017254,135.674573
37.738195,127.0569445
38.33812167,140.855255
38.33451333,140.8512117
38.33532833,140.8508617
36.741291,126.588141
36.743617,126.587118
35.42956032,133.1518244
34.795405,126.374418
36.747955,126.587171
40.00318731,116.3655277
37.54550668,126.9859063
37.51472092,127.0127792
36.35881431,127.238449
37.57234379,126.8888442
37.56807158,126.8885995
37.57166672,126.8899994
37.5680542,126.8930588
37.56277847,126.8836136
37.54999924,126.8799973
38.36741333,141.0696112
35.3730545,129.3366699
37.36625899,127.107194
35.24981431,139.7101239
36.74678413,126.5826686
37.46666718,126.9494476
34.76212222,135.2710889
34.79290556,135.2480917
37.72334217,127.0513862
37.72346946,127.0515874
36.72102534,127.6329108
34.76389315,135.3179826
37.75664167,127.1168138
37.73841167,127.0568083
35.19939649,126.1266319
37.74387389,127.064757
35.16206833,138.8628867
34.75446022,135.3247667
35.19478742,139.6009871
35.68562002,139.7097851
34.399732,132.467483
24.89194489,121.5666656
36.66962182,126.86198
39.45762194,140.472358
34.839455,135.4709467
36.704849,126.589957
36.704279,126.595716
27.219639,88.736156
36.660123,127.446084
35.6894875,139.6917064
30.0610874,79.5772008
35.38465012,136.9569664
34.86299167,127.4884033
40.001,116.204
18.52496596,98.45528841
35.76462576,140.3796297
26.42234667,127.797395
26.47106667,127.83117
35.67129667,139.7029333
37.3772487,126.6690852
34.90523503,135.7266227
35.00665697,135.76841
37.75604937,127.1164915
37.75504419,127.1162125
37.39226861,127.1079351
36.56255937,128.6897251
37.70401263,127.034585
34.96617167,135.7786867
37.29111099,126.9700012
36.741747,126.586608
35.88746667,139.506415
36.742659,126.586222
36.74124,126.58458
34.97008667,135.7789
37.22472382,127.7300034
37.29824108,127.0794627
35.01666388,135.6725617
25.5213094,91.2554112
37.5788693,126.9899935
38.25539155,127.20229
32.66388702,130.5322266
25.59140968,91.87828064
36.35876846,127.4486771
34.96723904,135.7741298
33.594782,130.212601
36.779525,126.4712528
23.49150814,120.7221762
31.04646308,121.2248182
37.56364822,126.6338501
34.9898584,135.7709731
34.94716757,135.6813234
35.7261818,126.7238974
22.3365778,103.847487
23.50494667,120.695795
27.7172453,85.3239605
25.01715864,121.5517741
35.68346333,139.710145
34.74753678,139.3553925
36.61642323,127.4705672
23.60705157,120.6864533
38.0955556,127.6927778
24.1874042,121.5319061
24.18649947,121.5224074
23.990694,121.036178
37.46161348,126.9480786
35.4232984,136.7606537
35.2319444,139.1036111
35.2517,139.1687917
35.6423281,139.8603385
35.99559017,129.3494408
35.544255,129.3104083
34.341574,108.93977
36.025484,126.993869
37.51508331,127.0611343
36.78043056,126.4689639
36.77963889,126.4707944
36.77926667,126.4694583
36.779625,126.4706417
36.78018889,126.4718694
36.77928889,126.4708028
36.77525278,126.4708944
36.74115833,126.5841139
36.74143333,126.58815
36.74590556,126.4457694
37.73727023,127.0889591
24.20486892,121.0091023
36.65623,137.214012
37.75677982,127.1170741
36.7418745,126.5866972
36.74173971,126.5882089
22.86162217,120.654256
37.74834736,127.1640252
35.52740478,139.4915469
24.98605333,112.8758533
24.98444444,112.8780556
36.74145333,126.5880917
24.508439,120.930293
36.741525,126.588095
22.85865911,120.6559026
33.31711578,131.4688263
30.23488324,120.0904898
36.74142167,126.584555
36.74169833,126.58748
36.74162667,126.587495
36.74592333,126.4456983
36.542345,126.7954433
35.25122431,139.6664324
36.74760833,126.6076567
36.743915,126.6054217
36.741855,126.6054283
36.74171,126.6052917
36.74207333,126.58737
36.74140333,126.5842567
35.28524667,139.6939867
35.6619411,139.4100771
37.64595223,115.6362245
37.64546322,115.6363831
36.6710226,127.4980781
36.74535167,126.607425
36.739605,126.60227
36.739605,126.6022333
36.73930167,126.6019583
36.73936333,126.6019033
36.733755,126.5995633
37.755033,127.1162189
37.75641913,127.1165519
37.756878,127.1172109
31.215394,121.552157
39.8806424,116.4040827
37.45977787,128.1432576
36.74195667,126.5836183
36.39928676,129.1604818
35.66372333,139.1895217
23.5935928,120.6080728
37.52095255,126.9813774
37.64987113,127.0883948
32.7816335,132.9549889
36.779345,126.4695233
35.25173667,139.1535195
35.86027908,127.1650009
35.00566236,135.7850114
36.74157667,126.5858467
36.74171167,126.5865483
36.74171833,126.5872167
36.742405,126.58702
37.7557659,127.1162909
36.77733333,126.472925
22.8876578,120.6631516
22.887633,120.663172
37.4582462,128.1440244
36.77698667,126.4728983
34.68938333,135.8441917
36.74370333,126.448345
36.77896667,126.470495
40.28393667,116.829995
40.28939667,116.8302083
40.289475,116.8306417
36.7769301,126.4679481
36.777095,126.4731917
36.779159,126.446753
36.77825689,126.4715131
37.26092694,127.0736987
24.1830233,120.7889439
36.74173737,126.5863419
36.74255167,126.5835767
36.74197,126.5836267
36.74187333,126.5836833
36.74145333,126.5887533
36.74171333,126.5838017
36.74186333,126.5867867
36.74141,126.58836
36.741655,126.5881567
30.42671204,112.0741196
36.78264839,126.4668295
36.78303146,126.4668808
36.52196167,139.9485233
36.780117,126.453924
36.78247833,126.4669333
36.7788887,126.4716644
36.775605,126.471575
30.66103363,103.6469116
36.70303,126.42729
36.70239167,126.428815
35.56428833,139.5681917
36.18692205,127.3331872
37.57194519,126.8694458
36.77159374,126.3763159
36.45790333,127.2207
37.250775,140.4627083
36.78893,126.59516
36.789,126.5931017
36.78902333,126.5929817
36.78902,126.5926983
36.72354333,126.552855
36.27856899,138.2124467
36.74310239,126.5836202
36.74151167,126.5879167
36.74129833,126.5854267
36.741435,126.5882967
36.74092167,126.5894283
37.66083145,127.0100021
36.77707833,126.4731517
35.64577905,139.4535536
36.77987519,126.470101
36.78043365,126.4635773
36.78041276,126.4639085
23.900595,120.991119
36.77706167,126.46817
36.79166794,126.4569473
36.79166794,126.4569473
35.72886382,140.2851607
36.77923667,126.4694333
36.77899833,126.4714817
37.53904667,127.0006167
23.48351098,120.6308579
23.48351098,120.6308579
36.77471281,126.4751407
36.70294333,126.4272717
36.45941667,117.273955
36.46436667,117.2730117
36.777035,126.47303
36.74737667,126.4452583
31.97721167,118.6594083
37.90880833,126.704645
36.34840482,138.1089989
37.90875,126.704645
34.16680003,133.8785859
34.16678691,133.8786383
36.738815,126.6018933
36.747585,126.607705
36.74483167,126.6068783
36.743205,126.6057517
36.742555,126.6057883
36.74191,126.60557
36.74169833,126.6054683
36.73635667,126.6003783
36.7339,126.59968
36.73324,126.5997417
36.73169333,126.6004267
36.77681333,126.4681783
29.67813383,103.4764491
36.77023511,126.4500031
34.97016667,135.7784383
34.96749878,135.7833405
36.74184667,126.58656
36.74156,126.5877217
36.74194333,126.5856983
36.74097667,126.5844783
36.78308943,126.4667844
35.60912167,139.3361967
36.77613028,126.4593107
37.579955,126.8835367
33.53718204,130.2982504
33.53718204,130.2982504
33.53718204,130.2982504
33.42969343,130.3111083
35.71352833,139.7969933
33.64465672,130.2280341
34.67446676,135.8388867
36.78170711,126.4230681
35.63641667,139.721375
34.74182833,126.6788367
34.74290167,126.6790933
34.74377833,126.6791317
36.53830949,140.5179161
35.35251423,137.2136456
35.35258466,137.2136862
34.93999863,127.0780563
35.38930833,129.0863017
23.5827217,120.6096562
39.85107116,119.5250697
36.77859167,126.4714667
35.63608167,139.7211117
36.776975,126.4728767
36.70244333,126.4288483
36.77991339,126.4446895
36.77936667,126.47093
36.7791,126.470495
35.74337713,140.3451401
36.37341389,129.1858222
25.91853029,99.37696609
33.55825812,130.3023761
27.64856891,85.28134961
37.31583405,127.0363922
36.79148032,126.4502111
36.79138947,126.4499969
37.31087875,127.0269699
37.30922954,127.0270898
37.30476379,127.0291214
35.32008667,139.5357517
35.32055667,139.54273
36.49255548,139.9188565
34.73707333,126.63695
24.1919103,121.0152037
24.1919103,121.0152037
36.33662101,127.363272
34.837143,135.4682595
35.14350641,136.0829232
37.58244727,126.8266592
37.5824484,126.8266722
37.58153434,126.8277505
36.74174333,126.58803
36.74172167,126.58808
36.72474716,126.4775579
36.77966667,126.4708133
36.8451493,127.4369551
36.84696101,127.4367374
23.4221962,120.6564706
36.76916504,126.4486084
36.77895,126.47152
36.7787459,126.4714959
36.77901738,126.4715197
36.77975642,126.4702991
36.77947,126.4709333
36.77961333,126.4704667
36.77928904,126.4712279
36.77978311,126.4702337
36.77969736,126.4702725
36.77949758,126.470792
36.77999171,126.4701746
36.77909384,126.4713889
36.78000075,126.4697332
36.77888498,126.4706066
36.77908333,126.4704583
36.77948333,126.47097
36.77979167,126.4703
36.779045,126.4704583
36.77979667,126.470305
36.77872003,126.4714913
36.7788887,126.4716644
36.77853833,126.47113
36.77897263,126.4714661
36.77896998,126.4714679
36.77925503,126.4715324
36.77898333,126.4714967
36.77926773,126.4716284
36.77929924,126.4714858
36.77936636,126.4714186
36.77927371,126.4712039
36.77618277,126.4579232
36.77941044,126.4713468
36.77950261,126.4713036
36.77941938,126.4713062
36.77922999,126.471719
36.77925962,126.4718038
36.7819202,126.4673746
36.77972821,126.4705272
36.77920392,126.4717047
36.77947576,126.470854
36.7797414,126.4705817
36.77970675,126.4702548
36.77975866,126.4702979
36.77963224,126.4706392
36.77988022,126.4693913
36.77985351,126.4708732
36.77992091,126.469804
36.77977709,126.4703289
36.77916718,126.4713898
36.77944565,126.4713898
36.76926667,126.4637083
36.7859587,126.4645031
36.79071426,126.4521713
36.79064667,126.452185
36.7896897,126.4619655
36.76965607,126.4522796
36.77980833,126.470275
36.68246588,127.5458361
37.520775,140.4222867
36.65960025,126.5306442
36.67230988,126.54216
36.7776908,126.4719181
36.7790259,126.4716664
35.7090259,139.7319925
24.375298,120.810811
36.77963667,126.47045
36.811795,126.4387883
34.39128013,135.5998213
36.77897227,126.4715899
36.77948922,126.4712293
36.7794615,126.4712803
36.77957746,126.4708326
36.77958115,126.4708757
36.7837401,126.4737973
36.77960437,126.4708543
36.77945597,126.4712695
36.77948278,126.4712475
36.77896399,126.4706371
36.78138733,126.4708328
36.77949801,126.4708788
35.54207525,139.4743339
33.28620463,126.2838614
36.77960833,126.4708633
36.77879666,126.4713421
36.77880794,126.4713636
36.72701263,126.3807678
36.77901478,126.4712725
36.77777863,126.4705582
36.77786621,126.4704762
36.77743861,126.4703841
36.77741024,126.4704417
36.77735684,126.4702866
36.77784243,126.4704447
36.77610308,126.4600317
36.77584102,126.4603144
36.77588758,126.4599772
36.78287125,126.4615784
36.78455734,126.4519272
36.779095,126.47145
36.77958333,126.4708467
36.77958333,126.470855
36.77760192,126.4700607
36.7708491,126.4466503
36.7792058,126.4715836
36.77976154,126.4704927
36.77896667,126.4705467
36.77908092,126.4713669
36.17942951,139.8092858
36.77972412,126.4702759
36.77944565,126.4697189
36.77916718,126.4713898
36.77944565,126.4716644
36.7808342,126.4716644
36.77940949,126.4699651
36.77781987,126.4705084
36.77866128,126.4713471
36.7786938,126.4712623
35.48452833,138.779175
36.77809143,126.4701767
36.786719,126.4670543
36.77971667,126.4704283
36.77947167,126.4711917
36.77948833,126.4711833
36.7199026,139.6982161
36.7780571,126.4663925
36.7783343,126.4656982
35.31851167,139.5541833
36.74168333,126.5866233
35.57248,139.3781133
33.41431837,129.7970863
36.7430768,126.5836143
35.65128881,139.8571999
36.74262167,126.58575
36.74068667,126.58959
36.77303,126.45623
36.77894167,126.47145
36.77912167,126.4713583
35.49475156,133.0645685
35.97531248,127.4052475
36.74150333,126.58759
36.74248333,126.586835
36.74261333,126.5857283
36.74157333,126.5883917
36.768726,126.4674586
35.78846316,139.6124285
35.61979603,139.3830012
35.6202471,139.3830946
35.62088609,139.3846239
35.61933674,139.3821124
35.62037833,139.383055
35.62090361,139.3845963
35.6204693,139.3845751
35.62050601,139.3845527
35.62070235,139.3844149
35.62089397,139.3846006
35.62085315,139.384631
35.62021457,139.3835862
35.6198004,139.3828639
35.62022805,139.3832815
35.62052231,139.4716907
25.13126593,121.4219254
31.44186333,130.4860383
35.68893,139.7528383
37.0289963,140.8841739
37.56678009,126.6385956
34.96692167,135.78325
23.7348372,120.7809676
35.67032205,139.3465466
35.67038362,139.3467198
35.6702946,139.346477
25.1084945,121.5726467
36.77812833,126.6127983
36.77752,126.61306
36.77739667,126.6130533
36.77774333,126.61302
25.59231619,91.87916189
25.5897013,91.8758199
25.154895,121.503983
35.25656113,139.6700985
32.581225,104.800711
36.74143167,126.5862
36.704085,126.590895
37.65653992,126.8826218
23.7284222,120.787918
35.61967185,139.3827513
23.7284222,120.787918
31.13888315,121.4386547
35.7202937,139.7437809
35.02910135,135.7156058
31.1389443,121.4387215
35.82567777,128.7634292
35.82567777,128.7634292
35.67207,139.6987
33.50045346,130.2994315
20.593684,78.96288
24.18206022,120.8949661
35.61434818,139.4954746
23.6047721,120.7119775
36.65291164,137.2161033
34.54082276,135.9677219
34.54071878,135.9677503
35.65745396,139.752672
35.25347772,139.7165666
35.74510141,138.5672814
26.719335,128.17841
35.73043529,139.225527
34.30153643,132.3309083
24.02618047,121.0817676
35.7090259,139.7319925
24.95368617,121.5324598
24.03867153,121.2073549
24.9791067,121.5750443
35.64199829,139.8669586
25.10678667,121.5788383
34.78451319,126.3858701
24.2055236,121.4817457
25.0840949,121.579765
23.5744063,120.8952738
34.05596369,108.32884
23.41934781,120.6522632
23.9184575,120.9195558
21.6330065,101.4487508
33.2334015,129.6546392
23.5558739,120.9377365
24.058611,121.163889
24.96940167,121.4954333
35.42767408,139.5551088
35.44210845,139.5487707
23.76631833,120.7395083
23.26701927,120.8237686
24.18445938,120.9221792
24.95057709,121.4466476
24.86767,121.1040888
35.91247646,127.0660408
24.1940268,120.7974071
24.255019,120.7563696
23.94060686,106.4658608
25.0083237,121.3312759
39.69811167,141.1974283
39.69108167,140.974
23.577067,120.6169873
22.2225409,120.8216569
22.76635314,120.7007839
35.59618664,139.5269649
37.56898117,126.8817825
37.7888546,126.6986899
37.57061689,126.8790922
25.15830693,121.4566999
11.94601245,108.4459386
23.46109195,120.6985641
23.46137025,120.6984264
33.63158739,130.3009023
36.59705819,138.3898361
12.02854804,108.4249925
37.59021759,126.9612885
24.98536944,121.6595508
39.98926077,116.3103098
35.01339,135.7865633
24.23855118,120.9073335
23.72864516,120.7917988
24.27399667,120.948045
24.6143095,121.0391396
35.74071142,140.0750109
35.32465453,139.5368838
37.57667087,126.9902511
31.25322845,121.436977
36.59290201,136.6552485
32.0591275,118.8541176
23.94608873,120.8290112
23.90694618,116.7488861
33.57548576,130.3877139
30.254034,120.123515
30.460024,120.968238
27.7172453,85.3239605
36.58027764,140.5602143
38.26211944,140.8451694
38.46851822,141.5625
21.70667076,112.8048935
36.65107167,137.2172217
37.23153995,127.0015158
34.712395,135.3314367
37.54410534,127.0307209
32.75395771,129.8501671
23.50332989,120.6957027
35.50828633,138.7623708
32.58217575,131.6728223
35.772656,139.6170094
36.53555153,136.5956311
37.04773445,140.9007226
38.16796075,140.8935984
37.55617693,126.9294734
37.44794997,126.9469015
33.4515873,126.491407
35.0554,129.0844722
33.266,131.3694917
37.80018733,126.8747535
35.65788333,139.74872
36.74182167,126.5836883
35.65839386,139.7614441
35.6591568,139.7607574
35.60976333,139.6675717
35.8052,139.1940167
35.67468262,139.7565918
35.63800289,139.718782
24.04194444,121.1572222
37.77149836,126.9256396
36.74605,126.6071683
37.57286167,126.91137
31.61869667,130.5806117
37.08164717,127.0307305
37.75025405,127.1211584
28.24952073,105.7646331
37.16468383,127.058167
35.22843853,139.0979629
35.67079544,139.8584717
34.96329258,135.9305104
35.67205761,139.701703
31.12789956,117.1870275
24.76978766,102.792857
24.77323638,102.5970326
36.7844429,126.4608307
36.34027778,137.9094444
35.63208333,139.257325
36.55506833,126.88902
36.61321667,139.8515467
24.81979037,103.3252614
35.25681333,139.6135117
37.66906324,127.0750594
35.27766433,137.0919838
36.74260167,126.58361
36.742715,126.583555
36.35565333,140.4637917
36.35566667,140.4637917
35.68634667,139.7082367
36.747915,126.6080383
36.747265,126.6076483
36.74509,126.6072417
36.74242667,126.605795
36.73926167,126.6019467
36.73930333,126.60194
37.745625,127.0560305
35.7331093,139.7464807
35.63983774,139.7179552
35.63961195,139.718018
33.53405633,130.5190879
24.8223127,102.7884168
37.57805634,126.9483337
39.66013743,140.1498691
37.85346967,127.672325
37.84032103,127.6745566
36.63655002,127.4354673
34.1708,132.1766667
35.54481808,139.4095969
24.82443,102.79093
35.01730621,135.6722906
33.93605424,133.8165011
35.78394667,140.3154133
35.02178617,135.7944033
31.96374762,130.4344521
35.21861724,138.9955986
35.65639053,140.0468466
37.36628455,126.9302491
36.741395,126.5853283
36.74139127,126.5842736
36.74159,126.5876467
35.65942383,139.7601013
36.15485806,140.1244214
35.0733,135.7710283
34.68541333,135.8365167
18.76893611,98.16456667
30.1915474,119.12021
37.51056667,127.0509638
35.68489657,139.7097712
32.04753842,118.8776084
35.0674758,136.02591
34.88994565,137.2556298
38.25330799,140.8556157
36.63704438,127.4849186
35.899575,139.2597667
34.6349893,135.4009476
36.41408833,126.859425
34.4574202,133.9865766
37.60254667,127.3528367
31.09136383,117.17785
35.591195,139.6756283
36.70537,126.575955
36.70534833,126.5757317
24.19367,120.7979967
35.16005833,139.6186367
35.15999286,139.6183527
31.98252833,130.9234617
35.63066864,139.256485
33.887555,130.71083
36.74267667,126.58385
36.74244667,126.5832867
36.742995,126.5843883
36.74260167,126.5865233
35.6312746,139.267701
37.52947,126.927025
33.82785373,135.7572225
36.07297217,140.1195833
11.92950633,108.457853
36.74160167,126.587615
36.74234833,126.5839167
36.74214833,126.5836
35.78018667,137.9474033
35.01715,135.7376033
35.79421786,139.2603413
31.80253333,131.4655917
34.71778488,135.1915741
35.69,139.7549583
35.62768936,139.2503052
35.6051583,139.3158115
35.50370858,138.720004
24.93629961,121.5005786
35.24418775,139.0529295
35.49285592,126.9281433
34.96682664,135.7754695
35.67906841,139.7022263
37.45222785,127.0425497
36.22083282,138.9844513
32.72936796,129.8689663
36.78997585,127.1329005
36.78840351,127.1340484
35.67997851,139.4998743
35.65612013,137.1539397
24.19386833,120.7971283
36.74209667,126.5840783
36.74253667,126.5836633
36.74207833,126.583555
35.1617695,129.1649028
35.62470734,139.7700282
34.4990497,132.4417821
37.4935669,128.4571103
32.05548334,118.8277523
20.62646167,96.561255
35.20721071,139.1313449
33.24534216,126.618709
35.06247735,135.781619
36.77954153,126.4709528
36.77977645,126.4694519
35.68812735,139.748635
35.82418844,140.1840463
36.77943996,126.4715035
36.77027893,126.4588852
37.57099167,126.9617383
37.208216,127.063534
36.74753667,126.4461267
37.65220261,127.077919
35.82256,139.2837938
34.95092036,127.416765
33.76029163,135.8406641
34.85628889,135.7983584
35.67779237,139.7012366
35.24187918,139.5971844
35.73400379,139.7466759
34.96854667,135.78578
36.23142242,137.9759674
35.78766667,140.3590861
38.18029532,128.6084707
35.01072565,135.7937645
35.62365,134.7997133
35.05636117,129.0883028
35.62021143,139.3832135
35.67018833,139.3467717
35.28215599,137.0358905
35.62014861,139.3841476
33.32406239,130.3899384
35.1648055,133.3087617
34.99391667,135.7852783
36.63707134,127.4350302
34.7175909,135.191469
34.71394048,135.1914878
33.26890945,131.3667908
36.2884836,139.5681761
33.27376615,131.3552065
35.64273682,139.857485
36.77622599,126.464878
38.87465953,125.2206591
36.55492735,136.6452546
31.10643655,121.5226689
24.64853009,121.2061594
35.63082826,139.6388068
34.87259885,138.9267232
35.63616253,139.502782
36.742765,126.5835567
35.01712783,135.78322
35.66775199,139.6877094
23.48085889,120.6736228
23.48099194,120.6735917
23.46618,120.689417
35.66932833,139.7019367
35.54029846,134.2380066
24.9322076,121.363766
24.93217265,121.3637407
24.93213272,121.3636475
35.03833888,135.7406917
24.93215333,121.3637383
24.93300304,121.3668784
34.97431058,135.7717966
34.96960453,135.7836944
34.96947872,135.7850102
34.968953,135.78554
35.67493439,139.5359802
34.96894931,135.7860554
34.96732328,135.7860892
34.96713339,135.7841202
34.970267,135.778884
34.97022064,135.7789871
34.96902319,135.7723891
24.64863028,121.206123
24.64862579,121.2060988
33.24256905,126.288792
34.41285833,131.3948667
35.05307,129.0872
34.97009167,135.776895
34.68267167,135.8450083
23.46336252,120.7601272
35.50081561,138.8074436
35.68720031,139.757514
35.68888589,139.7561634
24.39685386,120.9861313
30.39573153,130.5599331
34.83964358,134.6901634
35.615945,139.407945
24.322905,120.9633167
35.672875,139.70105
34.41907853,132.4405268
23.5934007,120.6271952
23.4797794,120.6740856
24.1940268,120.7974071
24.14999962,120.8477783
24.14972305,120.8475037
35.11968333,129.0432278
24.43277499,120.8173162
23.93090899,120.8345978
34.74431167,135.1657555
23.59010617,120.628201
25.1295661,121.4155885
24.00260399,120.5976668
24.17152472,120.7858684
24.17162749,120.7854124
24.389222,120.78778
23.55862452,120.5984465
23.55866027,120.5983255
23.55865958,120.5984062
23.5620254,120.5960767
23.55869688,120.5984201
24.0545,121.1613433
35.25909327,129.16266
26.481855,116.9293117
26.48329333,116.92853
25.01647777,121.5571607
35.46301141,135.4277056
35.67329265,139.6976946
36.36277771,138.8500061
24.17600806,120.7919681
24.17278806,120.7859164
23.46850915,120.7142067
23.98861427,121.1169858
22.33428002,103.8467058
35.71314271,139.7241516
35.8746729,140.0546564
24.17063883,121.5726048
23.8689951,120.836794
23.71623,120.7715633
23.71619667,120.7716267
23.716135,120.7715783
23.71623,120.7715633
23.71619667,120.7716267
23.716135,120.7715783
23.05935833,120.7309055
22.19221306,120.8277512
24.04806306,120.78418
24.2608939,120.8779335
23.86708171,120.9295492
23.85227217,120.9029826
39.13903213,118.8257933
39.13884497,118.8279116
34.4465684,132.7910748
34.44767143,132.7914674
34.30584084,132.993788
34.44946056,132.788435
34.39290644,132.4843965
22.96914774,120.6848625
34.44764736,132.7915138
34.41577794,132.7346246
39.59342593,140.5719306
23.09318405,120.7442487
23.4175793,120.650847
23.50336333,120.6948783
24.92715454,121.3654175
24.95174599,121.3368301
34.87526167,137.0769663
22.96819292,120.6786346
30.3607272,130.5317994
35.6411072,139.8600021
23.98988,121.0360112
33.54977417,130.311556
24.97217901,121.4676735
35.26390833,139.5960833
23.74492293,120.7081127
22.88856249,120.6617641
27.37202633,92.54551023
24.05145279,120.7805234
24.04830076,120.7842409
30.20296,120.120121
30.25395336,120.1233273
25.09815059,121.5945762
40.64234568,117.4637486
24.7914239,121.1989557
37.32896569,127.2543761
37.53168757,126.9793799
37.07777778,125.9486111
37.55140069,126.9878373
36.97209593,126.9987553
23.603702,120.724533
28.1595656,85.05537794
27.94642443,84.88287358
24.7914239,121.1989557
35.76824999,139.657301
20.61754422,96.56103764
34.6890291,125.4191227
34.68824341,125.418436
36.09794129,140.1166124
23.49198785,120.7540844
23.49216,120.75395
35.63661111,139.7213139
25.23813983,110.2633804
25.014545,121.3226483
35.03055597,135.720208
35.07503096,136.1820683
20.522445,96.591255
31.1954678,121.4558516
37.0882019,136.9184373
34.33495406,132.3120712
34.969735,138.9257767
38.25407667,140.8742417
22.88906667,120.6634517
22.26440563,105.1282729
35.68039967,139.7690172
36.6981614,137.8619333
22.01489508,100.370994
34.96208009,135.7411972
35.2141402,137.0498499
36.88639745,127.2701511
34.95357065,137.194895
34.95315031,137.195294
37.92073458,127.0630822
37.60251268,126.9615231
37.6025254,126.9615142
36.75950927,126.4835215
37.33047725,127.255033
36.78798206,127.1335556
36.69720692,126.5000058
40.09065145,116.4004561
37.93004798,127.0718917
37.91035867,127.1122643
35.67261514,139.6954148
25.01580474,121.5581684
37.55568547,126.9062809
35.657651,140.0426715
37.53322167,127.0003583
36.35556668,140.463455
35.25794667,139.0517888
34.83448833,135.282775
37.25916656,128.4797222
39.65836278,140.1574131
37.92985333,127.071975
25.21387529,121.530619
36.95005194,138.2289397
37.92323139,127.0718629
38.12362333,127.8227867
35.83584167,139.47853
37.52212276,126.975868
37.52195761,126.9763061
37.52175652,126.983828
37.52189154,126.9777896
35.0346082,126.7232848
36.79968167,126.4007733
37.17792243,126.2472891
36.74784667,126.6077733
37.54497833,126.98465
37.546345,126.98552
36.74776988,126.4453386
36.67164669,126.5896441
23.67452522,120.7972516
37.52814287,126.9698959
27.16938606,113.9036761
36.47259862,128.7236731
37.36724909,127.1312249
32.82043,130.737607
37.92307138,127.0924582
37.92362522,127.0916394
37.2719952,127.4348221
35.32010256,139.5378427
40.01332095,116.350417
35.23632,139.048875
36.75234167,126.5803133
36.74312,126.5836833
36.742305,126.5836483
36.74196667,126.5831533
36.74181333,126.5864333
36.74155938,126.586758
36.74161097,126.5844121
36.74154,126.5857983
37.34913355,127.1139224
26.65575829,106.5278056
32.825767,130.74105
37.2719952,127.4348221
35.31921292,139.5466732
36.99584269,128.8163756
36.99576326,128.8163262
35.45997358,139.4850011
31.97023006,114.291211
36.78734651,126.4423722
35.28182777,139.6210593
29.23936879,102.3772936
36.71427183,126.5450747
35.32105464,139.6491299
36.64250675,127.4284038
24.23919835,120.9096374
37.27230742,127.4348221
37.4208179,126.9067373
37.42048211,126.9071081
37.21333697,127.3743976
35.83404389,128.5841056
38.13111,127.81664
38.12942,127.816825
23.99568299,121.0407339
37.27230742,127.4348221
35.00993933,135.8088908
36.71685278,126.5447222
35.60542779,139.7533588
37.32972092,127.2556492
35.569455,139.4989467
35.0334065,126.7233548
38.11478731,127.6453585
38.11468667,127.6461667
38.11473167,127.646185
39.66057611,140.1519247
35.33671197,139.571304
36.86448399,127.0205479
36.65360332,140.1662662
36.28913811,139.7934909
35.84398844,128.6329224
36.78638889,126.44
36.84385333,126.1944354
36.84382528,126.1943871
34.85350056,135.4720025
35.42283554,139.5528663
37.41962814,126.9079872
37.42081349,126.9068212
37.42085338,126.9067754
37.4208655,126.9068816
37.52627026,126.9649534
36.74168,126.587535
36.74154167,126.5877767
36.74939,126.58116
36.81754845,138.2207666
37.26583821,127.0830522
30.65610708,103.437878
31.7016635,130.2063601
36.65140256,138.1340409
35.28457167,139.6941083
34.8342587,135.2827911
37.25880401,128.4806946
37.25845888,128.480553
23.86424755,120.9075337
35.64846333,139.4004967
35.25985167,128.7129967
35.251515,128.7167167
36.54202167,136.6551667
35.692219,139.749077
34.86161821,135.6303787
39.69684097,140.069797
37.71307255,126.691825
37.25944444,128.4722222
37.53316581,127.0023313
33.25749693,126.5171967
37.54416667,127.0408333
36.6542528,128.4469766
31.14671668,121.3664075
35.59549582,139.7630617
37.55055556,126.9372222
38.12927333,127.816465
38.22856195,127.8741296
35.34854702,139.6133345
37.90444444,127.0711111
37.41632406,126.8976853
37.41632406,126.8976853
38.18618682,128.606106
38.34094618,128.4230468
35.45358959,139.4313592
38.16637801,128.374653
34.89551581,128.7025514
37.7201712,127.0622921
23.66237728,120.6931149
33.80545833,118.5125583
35.69553056,139.2420139
32.0489031,118.8441986
27.19894,113.836927
24.85678924,102.7877369
23.5841796,120.6185321
27.251197,113.901428
36.79868895,127.0956571
35.60780429,128.3805846
37.1825,128.4630556
37.6157156,126.9399555
37.75438811,126.9196221
37.5321255,127.1508703
37.35212354,126.9134756
37.2902004,126.5791828
37.35141566,126.9076176
37.75452383,126.9177767
37.63675315,127.0471597
37.56989509,127.1551276
37.5404008,127.1557342
37.57469956,126.8778558
37.57446147,126.8728884
37.57488663,126.8750771
37.58612193,126.8173282
37.71059439,126.8955829
37.47643238,127.0757289
37.80214755,127.5379485
37.81639133,127.5442077
37.75411667,126.9187959
37.75398094,126.9179913
36.21381102,127.7881288
37.4275247,127.0170252
34.95243043,127.49262
37.63633255,126.9137749
37.53707545,127.5073843
35.34895506,139.6093519
33.246944,126.554417
37.56629936,126.8878118
35.3487065,139.6103599
35.64016232,139.4580634
36.74261,126.583875
36.741655,126.5863983
38.05444444,128.3266667
24.21862062,120.8792491
23.593645,120.6264417
35.51067012,139.5188777
36.94166667,129.0694444
39.8818382,116.4090609
36.79832813,127.0965905
35.79437053,139.8748512
35.25595297,139.606972
37.56902375,127.0801601
35.6254126,139.2437385
36.57833091,117.1253384
30.50560897,103.9358692
35.34637137,139.608739
37.54723631,126.9992856
26.85718667,128.2560883
24.86692453,102.8027266
33.266759,131.5472682
26.85465527,128.256269
26.85464091,128.2571061
37.27972222,128.3430556
35.3481972,139.6128909
35.52392,139.50502
25.56125187,110.0234867
35.10436246,136.9715463
23.89598294,116.3205878
34.94975843,137.1510035
39.72734444,140.1257778
36.66527778,140.6666667
36.57711667,127.599555
35.68758285,139.756327
32.7822721,130.7351323
26.44072466,127.811214
34.685047,135.843012
35.63147816,139.2251606
39.67452,141.209625
37.25916667,128.48
34.685109,135.8048019
23.47621673,120.6195395
22.41275372,120.6545154
40.19238435,116.6832929
27.174168,113.82841
35.3390866,140.3901634
31.27624397,130.2872414
35.9418148,137.961721
31.76360304,130.3493822
35.10457047,138.9685912
35.31847943,139.549738
27.16560097,113.828201
25.08722222,121.5489806
35.10597217,135.76317
23.45383694,120.7497107
35.42442148,139.5329839
37.55972222,126.9530556
24.59698333,100.7781967
33.44148353,126.433184
33.44169673,126.4340044
35.63995833,139.4582683
25.83784897,113.812913
32.7044758,131.7208804
35.65348667,139.4417117
35.30333333,129.0780556
35.5565775,139.5887982
35.256025,139.6338167
38.00198176,128.1156678
34.15807843,134.1017459
23.62258438,120.7497427
23.62471,120.7499483
35.685175,139.7527995
35.68229444,139.2941833
35.69100667,139.7560383
35.68758833,139.5972883
35.6715869,139.6967028
23.48093937,120.6736666
25.09031872,121.5523585
36.94988333,127.0328
35.70586007,139.7132344
19.21153611,98.06614167
32.06044692,118.8173568
25.15146383,121.5489583
35.71479833,139.09075
35.71631,139.0897733
35.6597374,139.7634925
35.64007796,139.4477907
38.263502,140.866692
35.2792396,139.6229062
23.52655,120.6589389
35.62664667,139.480025
35.64296988,140.1280536
26.85612556,128.262053
34.445175,133.9899133
23.422425,120.6506556
23.61522222,120.7206425
23.60189306,120.7037347
35.66693611,139.2983667
35.57439122,139.5911079
31.70069512,130.6546579
29.74586897,121.688334
29.74577062,121.6868683
23.47826502,120.6753147
23.47288926,120.6703877
23.47281531,120.6703384
23.85823293,120.8368726
23.86102333,120.8327017
23.86104167,120.832725
23.47838,120.6752017
23.691975,120.7819533
23.47986973,120.6748983
24.04748917,120.7861742
23.85082333,120.7812183
34.95182325,137.197611
22.87233042,120.6503693
24.97909778,121.4854039
35.45687116,139.4872159
25.0329694,121.5654177
37.25934909,128.480034
33.2358673,126.3144804
38.266828,140.844166
36.83350833,127.1916417
35.67142833,139.2107017
34.8879084,137.2523347
24.791283,121.199186
32.05640651,118.8679322
23.85552109,120.8383407
23.06042031,120.7297832
32.05798059,118.5531967
24.20673,121.4826214
23.82758713,120.8020554
23.96264177,120.9352883
22.1840968,111.7461628
35.67575,139.2891639
24.355263,121.3122385
35.60307709,139.750848
23.503525,120.6594
27.79393657,85.35931133
33.28333333,126.2733333
25.09504907,121.5246077
23.60559356,120.7124651
23.45391389,120.5575206
24.79140017,121.1992262
22.89797487,120.6772641
23.47458333,120.7018133
23.89368667,120.9239717
23.60533523,120.7119176
24.0904967,121.0320382
35.51036076,135.4396897
23.64131668,120.6448061
24.20692876,121.4825249
25.08560527,121.5313806
23.598655,120.6098333
23.9649173,120.8719589
25.18907833,121.45893
25.0874054,121.5537641
35.24352167,128.6853633
33.55802236,130.281664
23.85575511,120.8374378
23.85585796,120.8373253
23.85543293,120.8386596
23.85554125,120.8388529
35.68501856,139.7536364
23.85219683,120.9135405
25.08247113,121.5309499
25.14530464,121.4747431
33.573335,130.1604283
33.5733578,130.1604167
23.682856,120.796295
34.7018004,135.6714494
22.8968464,120.6757613
23.59645167,120.6171883
23.77305,121.04943
24.53247696,121.4517822
22.76413,120.7062833
23.85540883,120.8385676
22.8952251,120.7308706
22.92346891,120.6821744
23.92197163,121.0605795
35.24866824,139.0451574
25.749163,116.199749
25.16873556,121.4686897
23.059358,120.7309894
25.09164397,121.54293
34.9865522,135.7512993
23.59735003,120.7549729
25.013375,121.3224611
36.63580271,127.4167632
23.99777725,120.9698914
25.13178528,121.5356475
24.83535928,121.302005
24.84271,121.77668
22.7647181,120.703044
25.30792167,98.515725
23.55863833,120.6070567
24.01828488,121.09251
23.67452461,120.7972513
31.56111297,120.2576757
20.6176113,96.5623251
38.26572564,140.842381
30.23215935,120.0976449
33.66724196,135.9060168
35.48637833,139.3424833
24.026475,121.1368861
34.447658,132.791477
33.55205916,133.6772738
37.58454167,126.9834533
24.79120962,121.1994814
23.86046254,120.8278097
29.88541667,120.5514583
30.20971277,119.3303709
24.84186403,102.8500161
37.86908165,138.942799
33.55277445,133.6792479
23.56184528,120.5938822
33.19904998,126.2649712
34.28902683,132.3273615
23.54472167,120.5995267
37.621205,126.9122083
30.20971277,119.3303709
23.55610178,120.5989231
35.82669497,127.1429214
24.81843173,121.2544282
24.8184492,121.2543453
23.47253815,120.6966576
24.81795137,121.254035
25.08211162,121.5273774
35.89319219,139.9474585
33.55093167,130.282085
35.0590033,135.9943759
31.13988133,121.4375214
16.199602,107.857719
24.92255556,113.0779806
25.60184177,100.2457512
23.49043883,120.7701489
24.18622541,121.4898581
24.08355341,120.8200154
30.10572132,103.0169719
34.96732971,127.5227647
23.84837,120.84112
23.5726899,120.6424177
38.21088446,128.5953871
36.06581117,140.1440278
30.23507197,120.284789
25.749163,116.199749
37.393798,126.676922
37.393798,126.676922
37.393798,126.676922
32.09209673,118.6201949
32.09376993,118.6203556
35.56700833,139.4973917
23.6722621,120.7982029
23.60565427,120.672877
37.49115833,126.9954917
27.468913,113.812127
35.63705833,139.3695333
37.72761744,127.0338824
24.24456296,120.9751163
36.74183282,126.5868386
36.02545673,126.9937213
35.6752144,127.9120351
35.63562051,139.4596301
39.13923264,117.0894852
36.47213,127.1368555
35.22502167,137.0518333
37.56053035,126.7634644
37.6197679,126.9955839
32.078203,118.809044
35.68333924,127.9138312
35.03196383,135.8291033
30.07578799,118.9081127
23.55853196,111.9746408
35.70885908,128.0018709
32.08254997,118.816638
32.082388,118.816056
26.314775,116.346995
26.314775,116.346995
36.01969498,126.9920046
37.58938897,126.9844473
36.65392424,127.040264
36.06583333,140.1439362
37.20256042,139.7721863
18.7767366,99.2470935
26.59099131,128.008214
38.17975805,128.6097771
38.17973904,128.6092725
38.17909829,128.6091641
37.49741364,126.801239
36.74172667,126.5868917
37.50854445,127.0597111
37.5085434,127.0589513
36.66655333,126.642625
36.66657754,126.6426822
36.65395867,127.0404142
37.47719167,127.0746833
37.36097376,138.5241455
36.0254572,126.9938175
37.16901398,127.1094284
37.17321667,127.1108083
37.17374418,127.1116166
35.13642843,126.9036911
37.46024849,126.9488377
23.48139393,120.6740945
37.56753734,126.9359412
37.50304794,126.8098755
40.45558986,115.7674555
36.74191167,126.5878433
36.74268833,126.5865283
35.22324667,137.0531167
24.2853008,120.8677113
23.4186078,120.6458093
37.55752628,126.9700741
37.28296611,127.0163436
37.28187031,127.012423
37.28381562,127.0083137
35.14975357,126.7640228
35.42613696,139.5525299
37.08687762,138.3519553
30.8751757,103.8910872
35.68332846,127.9138773
36.6389446,126.3769623
36.65402753,127.0407575
26.6531898,106.6701159
26.6531898,106.6701159
26.6531898,106.6701159
31.40638747,120.2386285
36.71559346,126.5460586
34.76492833,113.6660917
24.25443889,120.7563167
36.74559667,126.60743
36.74269667,126.605875
36.732245,126.6002433
37.88624435,128.0033701
25.59464454,91.98692914
40.18303046,116.6732517
36.7660638,126.4405434
35.67269135,128.9585724
35.6727066,128.9585876
36.02535133,126.9937933
36.02552779,126.9937034
30.23116397,120.0995613
34.90297986,128.1460156
37.55024003,126.9990794
37.55048542,126.9992408
35.55292293,139.4296513
37.39061139,126.9243815
35.63961271,139.5915454
35.60585175,139.7536199
37.4599165,128.1431824
35.68259401,127.9403023
36.71116158,126.542711
30.416008,119.413696
36.63893,126.3769133
37.52361006,127.126166
35.78580833,127.2197367
34.96875,135.7814333
35.6348509,139.4616952
36.02555946,126.993715
37.55089188,126.7256393
36.72563848,127.1232719
37.3831412,127.1427191
24.01787778,121.1312167
37.72809286,127.112949
29.5093967,120.4448657
36.7134306,126.5459624
36.7132586,126.5459662
34.77843,134.990005
24.82416289,102.8011454
30.3283223,119.4191612
30.33262097,119.418825
34.68080521,135.8469543
33.40431624,126.3878786
33.51920594,126.7076545
29.79655318,121.2535208
40.29703091,116.1117326
35.60598333,139.3880667
36.02550953,126.9936653
35.59626389,139.4179381
36.02580803,126.9936068
35.68811494,127.9050267
35.83406266,128.5842716
32.07006215,118.8172658
29.16790833,117.8385917
40.1347424,116.294076
36.02550554,126.9938929
35.80569197,129.4098094
35.80309731,129.4048906
35.32849738,128.6751953
29.88528825,106.5344483
39.6266996,140.1981405
33.20522754,126.2860815
36.41096081,138.2380703
35.9502236,139.4113663
39.97308948,116.0287057
40.21589903,116.9111769
36.68168869,137.1449997
36.26356613,137.9535718
35.80546937,129.4089075
35.36229706,139.451355
33.29293801,126.2876766
35.62367639,139.4684615
33.50224641,126.9477497
39.72448877,141.1479043
35.34829126,139.6121063
37.71976361,126.7373375
36.74142,126.585565
36.74178667,126.5866217
36.74526833,126.583375
39.8114832,116.2401925
35.44465637,139.4052734
36.65296167,127.1349945
33.9669346,126.2848673
35.504745,139.3922117
40.10374671,116.1686555
40.14033734,116.3167821
35.34130622,139.5842057
36.02004209,126.9932063
40.17861595,140.2913743
27.22244797,113.897031
39.6261746,140.1990814
27.22391,113.896173
27.22491897,113.895078
30.418,119.414
30.418,119.414
27.18359997,113.907147
39.62684935,140.1978003
39.6266996,140.1981405
36.76276167,126.4527667
22.39722622,114.3192619
27.18348297,113.907842
33.96606216,126.2883101
35.6825504,139.5240904
36.35690278,120.6839583
38.50684356,113.9821548
37.517211,126.877461
39.62718833,140.1978917
36.27715347,137.9839387
34.9144368,126.6572058
35.61974667,139.3822167
32.05268964,118.834219
35.20652876,139.1348957
35.66299881,139.6839654
23.86710108,120.8219259
23.86760421,120.8224399
37.33024167,127.0202112
23.72819042,120.7881181
27.33364088,88.614344
36.33772081,127.3569703
37.5662631,126.8906642
37.471425,126.9738467
23.45216863,120.6107664
34.286228,132.317367
36.94683833,127.0223917
37.5674467,126.885455
36.02554427,126.9937837
35.03746797,135.750766
35.57539443,140.1596907
37.72381017,126.7388204
37.723308,126.7381429
23.60318667,120.6141567
23.60064208,120.6190177
32.079731,118.809412
25.047332,102.590151
33.24916654,126.3135328
37.55380358,126.9838546
36.82336044,139.7122498
36.37104667,138.2151333
37.17266697,127.112257
34.4013923,132.4688817
35.26247006,129.0996235
34.93114983,137.1930073
33.53785,133.5397033
22.41204082,120.651791
35.8146929,127.1526346
35.8146929,127.1526346
23.9417522,120.8161646
23.94180593,120.8162709
30.871988,121.198634
35.64348306,139.4604436
25.35888863,100.434166
37.171895,127.1121972
38.7296457,140.6907528
36.37998386,138.2204161
35.1721448,128.1534038
33.25822825,130.4240764
35.47665257,136.8537692
27.62769667,85.27514167
35.59992883,139.7545413
24.16513266,120.950493
24.16418233,120.9560695
35.50564094,136.9424956
24.1503177,120.9641487
35.659355,139.6544533
35.1322108,129.1210029
35.1586975,129.1603842
32.052184,118.831615
30.49609356,78.15970956
30.45343832,79.27595537
25.01554044,121.5563424
37.16527936,127.1271659
37.58549898,126.9652627
34.13401627,132.1732113
23.05480167,120.7226483
24.9070085,121.1806279
34.84631645,135.4717143
23.24758667,120.709175
25.0301,121.4095
22.92333734,120.683492
33.50740416,126.8925333
23.60362073,120.7082464
23.60359993,120.7082073
23.62710627,120.7113709
23.62648413,120.7109175
23.61888381,120.7013746
18.7965,98.14852217
37.5509786,126.8495382
35.73270035,136.1147766
27.59496092,87.36433752
24.049548,120.782689
35.71082298,139.5377957
24.83136195,121.0992719
22.4166667,114.1666667
35.63612179,139.5929982
26.98786772,88.12139321
23.61083432,120.7020441
32.079698,118.809415
23.605101,120.7057547
23.60875668,120.7075588
23.60214322,120.6918992
39.972946,116.203995
24.18040745,120.9397757
24.17477585,120.9436082
32.084861,118.813404
37.54809387,126.9933701
35.6292317,139.4468436
35.62907199,139.4473191
22.76429667,120.704925
35.4115535,139.4625893
32.07011257,118.8178028
35.64027022,139.4475647
37.1669773,127.1075484
37.16694667,127.1074233
24.97955113,121.4876809
24.06966667,120.862725
23.69650332,120.7126205
23.69655065,120.7125844
23.69291893,120.7086322
34.92833333,128.062575
35.72303364,139.9369224
24.78859833,121.37148
24.26692,120.8807367
23.43233833,120.6649217
23.43233833,120.6649217
35.63404513,139.521707
24.82478972,121.2887364
22.67523,120.6867917
22.46846904,114.0076283
23.5173944,120.6210209
23.43267333,120.6645683
23.43276167,120.6645317
23.51986553,120.6303847
23.42957167,120.6585117
23.42988833,120.6577333
35.38742046,139.4262708
22.8607267,120.6454623
25.0099096,121.5596106
22.76680597,120.69871
22.77014197,120.702001
20.6176113,96.5623251
32.05946785,118.8242879
31.167615,103.662105
35.31918833,139.54677
25.56335719,91.8916088
35.06785118,135.7947073
38.26088703,140.8560483
35.11401289,135.7288709
24.749867,121.147991
23.57591437,120.6018728
23.57235165,120.6088805
36.9448681,127.0251046
25.10884131,121.5809557
23.60290226,120.7071015
23.52525,120.6668867
24.73981475,121.1153797
23.6604171,120.7161018
23.66066821,120.7157079
23.6622104,120.7238457
24.18437543,120.7321152
11.9404192,108.4583132
24.365938,120.8059289
24.79117066,121.2007689
24.96955411,121.4695387
32.76304115,131.2998043
23.60285154,120.6293382
23.70379145,120.7542605
23.45597,120.68312
23.55685556,120.5992111
23.58988444,120.6327386
23.56417609,120.6403678
24.23939542,120.9097607
23.5461725,120.5981372
23.54397306,120.5987181
23.54272361,120.5976375
23.54149,120.5984428
23.88556939,120.9903753
23.87859274,120.9710582
39.70274127,141.1543303
23.92483765,121.0287224
23.9399358,120.8391855
23.95545775,121.0804985
23.95548889,121.0804556
23.50757306,120.6170686
24.01983969,121.0086615
24.243158,120.934395
32.72522723,133.0176916
32.83944617,132.9544157
32.83986734,132.9539554
32.77293563,132.9605245
33.60504006,132.8566255
33.60534499,132.856839
33.60558935,132.8565411
23.93509428,120.8375641
33.74139295,132.8326047
23.47189232,120.7141045
22.27571094,120.9666033
24.01051357,121.1162701
23.99805012,121.1216031
23.98822049,121.1169257
24.90735278,121.3177444
24.83096596,121.1072198
23.989294,121.1002593
23.97625359,121.1304845
23.95340496,121.1781877
23.47444444,120.7019444
23.69536667,120.7551806
23.4744492,120.7022191
28.25992481,129.4081575
34.43574166,132.9186379
24.47553833,120.8570833
23.92238667,120.8855589
37.4138,127.5183
23.96358787,121.5459642
23.56011332,120.6080154
23.5562084,120.599018
23.55640361,120.5990524
30.26754388,119.3479577
25.15644375,121.4994434
25.15639518,121.5001858
31.84019186,117.1772519
35.67572833,139.6978967
23.60474586,113.7628937
23.564899,120.931945
23.57646167,120.6191867
35.69057933,127.9319555
24.95839839,121.3604059
23.60680667,120.69363
23.97948473,121.1349148
25.12171686,121.4892582
23.72904619,120.7864701
23.5980889,120.6179888
23.4604829,120.7541593
23.56422795,120.5999064
35.67423367,139.7009379
35.67432105,139.700895
39.73073397,118.43539
35.53861111,128.4016667
37.48222222,130.8986111
23.98256234,121.1035117
35.2252655,139.0894318
23.06729437,120.619284
23.26221693,120.8259031
23.66413587,120.7536425
25.00584802,121.4358226
25.16905388,121.5374434
36.43072049,127.401868
24.94794609,121.5001505
24.95011418,121.5007368
41.804778,123.432968
36.71586028,126.984985
23.07170486,120.7125015
22.96879722,120.686475
22.96880278,120.68625
25.13832375,121.5824122
25.04875497,121.5506309
35.33496261,139.612136
23.60538185,120.6289687
24.04738333,121.1563333
23.54345189,120.5973416
23.9130621,120.6287471
36.79775252,127.0956893
23.56328761,120.6563296
25.10684717,121.5814367
35.08249652,129.0627989
35.08249652,129.0627989
35.08249652,129.0627989
27.09516976,88.10461767
25.1084362,121.5718714
23.56012417,120.6053275
23.56010694,120.6053744
24.05877222,121.1651389
35.608962,139.146212
31.6147767,117.4747252
31.27447319,121.4374924
36.6518399,117.12009
30.83965,121.21367
35.34270709,137.0361757
35.3425598,137.0358844
35.34270435,137.0359999
35.34295448,137.0359704
35.34291947,137.0358416
35.34302449,137.0359704
28.514506,120.784248
30.25418228,120.1201461
35.64613333,139.4886467
23.57487271,120.6197596
23.60227831,120.6301763
23.59327641,120.5938228
23.49140431,120.7690619
23.52843261,120.6771769
25.5969062,91.8878118
22.41056944,120.6305667
27.7172453,85.3239605
39.9045362,116.4073948
27.7668123,85.4066
35.14645283,126.8073883
34.95153,127.51303
34.94692167,127.4995717
35.1568195,126.7996967
27.72302097,85.354539
28.3477878,84.8975009
37.8964919,127.6841357
35.71017793,128.0425322
37.07796117,127.0367667
37.07763333,127.0366888
37.5502805,127.31985
33.5244899,107.9905
34.936801,126.578659
35.43609319,139.5772398
36.7750759,126.2860816
25.10369833,121.5305033
25.10007571,102.6901003
23.63593702,120.6096446
39.076962,117.155103
40.10020697,116.173708
31.6437645,120.6798172
31.07467842,121.0057297
33.83709667,132.7813717
33.83713833,132.7825467
35.1566609,135.5251982
33.837355,132.7819667
35.71009681,128.0424678
33.78908293,130.5902917
23.63779088,120.7843868
35.182661,129.166605
32.05798617,118.87258
37.39432562,126.6756886
24.96776033,121.6220557
40.01818792,116.6120494
35.58418332,139.7607962
37.91782833,126.740945
37.72975919,127.5609207
32.0583799,118.79647
41.26522186,123.238144
37.32215,127.0974374
37.57194365,126.9293417
23.97948,121.1355083
23.97940667,121.1355217
35.02606484,135.7898381
37.77707291,126.9573898
35.088585,128.943194
35.30551667,128.6761033
33.86191558,109.9162216
24.66197207,121.0941077
35.02780797,135.7649399
26.19571869,119.2332357
39.68612664,140.0254123
23.51150009,100.7175565
39.691346,116.326912
35.09735,129.0101
23.3985076,104.2150506
39.95541888,115.9250283
22.77915333,100.9642117
35.39542307,137.1786702
39.63620617,115.5756993
37.56639109,126.9779691
37.546045,126.8790583
36.65432018,127.0396846
36.6450827,117.0188275
37.56393068,126.9735043
22.84666167,100.9379667
35.530735,139.289785
22.84834167,100.94082
35.66800308,139.6262512
35.63921111,139.4616806
36.74138611,126.5851889
37.79501355,128.9074242
37.52998767,127.0249288
39.78112793,116.219429
39.78118896,116.219429
41.26289667,123.23233
36.06577783,140.1438612
37.35784912,126.9712296
40.56021,116.78615
40.61063333,140.4649056
40.61696944,140.4916833
40.68394444,140.4120472
40.68395278,140.4120333
40.68395278,140.4120333
40.68405278,140.4120028
40.68399722,140.4120028
40.68399722,140.4120028
40.68400556,140.4119861
40.68399444,140.4120028
40.68399444,140.4120028
40.68399444,140.4120028
40.68399444,140.4120028
35.1002946,129.0332818
37.40145333,127.5448917
39.82064444,116.4346528
39.39502004,141.107173
39.39499542,141.1069631
39.39502885,141.1069601
39.39494645,141.1073148
35.489655,135.5871717
36.7854499,126.4574882
37.45860981,127.1501978
36.055998,117.282466
36.7853783,126.457537
36.09559642,120.4482209
35.63892088,139.719472
36.33296881,128.0015142
36.7843707,126.4518525
36.40300833,140.5970472
32.05387034,118.8658816
37.77514907,128.8751493
30.27417,120.068342
36.69016475,126.5406145
35.85986586,129.1993323
31.67027916,118.8400534
36.98019409,127.0305405
35.63662239,139.4621594
37.55347876,126.9834573
37.63654944,126.9191783
36.63269778,126.3761534
35.71778579,113.623397
37.571324,126.965475
37.39199926,127.1305694
37.39274686,127.1300097
37.39263176,127.1300248
37.39262631,127.1300742
37.39275462,127.1301529
37.39271935,127.1301849
38.28681667,128.5477472
37.39274766,127.1309326
37.39316157,127.1304031
37.3924168,127.1317409
37.39200325,127.1305707
37.39274877,127.1310306
37.39285418,127.130807
37.39241614,127.1317295
37.3924122,127.1317283
37.10527778,127.0447222
26.84780747,100.2602112
37.35138889,127.1072222
22.62610742,114.3114769
36.716325,126.5466778
36.7861144,126.4493012
37.39277674,127.131012
37.39272839,127.1310913
37.39277,127.1309972
37.39275833,127.1308528
36.25900363,117.1057342
35.71742566,127.8562149
35.73999957,139.5266583
33.51803167,130.53757
37.3917731,127.1310804
35.03741536,139.1698954
35.03853627,139.1701384
36.78655601,126.4508312
37.39200325,127.1305707
37.3917487,127.1297212
37.39159829,127.131135
37.39151339,127.1310455
37.3924674,127.1317629
37.39233,127.1314083
37.3919935,127.1297487
34.96238,135.9066917
35.66358497,139.188928
36.7510299,126.4171717
36.751042,126.4171697
36.74312627,126.6054541
40.27447303,117.2440102
40.07670386,116.0580123
40.07543755,116.0672819
35.61882583,139.2818153
35.61765639,139.3366925
28.20549497,120.0489521
37.17138889,127.0838889
37.27366021,127.0516997
24.76430695,121.3496697
40.00169554,116.3202451
38.03711,138.421292
38.03711,138.421292
27.51589753,88.55104789
28.59295711,119.2760197
34.69061006,133.9518519
23.85648924,120.6218887
25.07356455,102.6227856
25.07356455,102.6227856
37.39200325,127.1305707
37.39200325,127.1305707
36.55163094,128.9797962
37.17347833,127.1119
34.94473024,138.3647634
39.68581979,141.1076704
30.83965,121.21367
32.08945847,118.8321075
35.032355,135.650693
27.809826,85.25844397
35.29049558,137.0718085
37.60277778,127.0472222
34.8344982,138.2944603
35.67047311,139.7013371
37.13801934,127.0830809
36.74187222,126.5836417
36.74255833,126.5835583
36.74054833,126.58402
36.741815,126.5836467
24.2476564,120.9765597
35.19632053,137.0362951
39.59958333,118.669045
35.43129915,139.3472304
37.75193099,127.1219787
36.7880108,126.4526187
37.551307,126.942146
34.1470195,132.2264717
36.620505,127.327882
36.62102997,127.327874
32.06523246,119.0113476
37.66510081,127.247138
37.15222222,127.0830556
37.72683276,127.0196967
35.5396742,139.4610301
37.54679722,127.0833276
37.65894858,126.761762
37.5821464,126.9737974
35.33086661,138.9731372
36.02896201,140.2099446
24.046675,121.15727
34.98156667,138.5035467
32.08000946,118.8306046
36.70705091,126.584703
39.69537778,115.8279194
35.21554797,136.9766029
36.4395311,136.6358914
37.35841667,127.1079862
35.34929156,139.6133351
37.14888889,127.08
33.84002833,132.7878583
35.923725,139.6113883
33.967525,132.7926783
40.13474167,117.3750217
36.55871667,127.0131222
31.29873836,116.5732271
35.42852319,139.5518606
33.54727359,133.57444
31.03757732,121.4498513
35.01528978,135.8024083
35.63785419,139.4601733
37.46377229,126.9490321
32.08147149,118.819958
35.82492929,129.1877664
36.98143275,127.0876279
37.1516548,127.2932252
27.33373362,88.61758632
37.4631654,126.9517732
35.54725824,139.4393178
38.26662778,140.8503972
35.989671,127.0423948
